id;tongthanhtoan;chiphivanchuyen;ngaythanhtoan;ngaytao;trangthai
1;55938;59482;2021-11-17T12:41:13;2021-11-17T00:58:59;Stream Focused
2;27386;42148;2021-11-17T05:12:00;2021-11-17T06:07:57;Computer Illinois
3;56752;75895;2021-11-17T04:59:31;2021-11-17T08:56:24;Singapore Designer attitude
4;28094;26620;2021-11-17T11:49:07;2021-11-16T19:45:18;Idaho navigating moderator
5;42175;89673;2021-11-17T05:32:58;2021-11-17T02:47:49;Hong
6;54982;75018;2021-11-17T10:45:31;2021-11-17T08:23:56;Brand Fresh
7;47512;28265;2021-11-16T17:26:45;2021-11-16T21:52:56;yellow administration Analyst
8;18056;14754;2021-11-16T22:39:34;2021-11-17T01:38:58;Fully-configurable Concrete Personal
9;37984;2401;2021-11-17T02:50:36;2021-11-16T16:23:42;port calculating
10;40956;65944;2021-11-17T01:20:12;2021-11-17T14:27:10;Open-architected
